predicted_person_name,correct_person_name
John,John
Emily,Emily
Michael,John
Emma,Emma
David,John
Sophia,Sophia
Daniel,Daniel
Olivia,Olivia
Matthew,Matthew
Ava,Ava
Sophia,Sophia
John,John
Olivia,Olivia
David,David
Emma,Emma
Michael,Michael
Ava,Ava
Emily,Emily
Matthew,Matthew
Daniel,Daniel
Sophia,Sophia
John,John
Olivia,Olivia
David,David
Emma,Emma
Michael,Michael
Ava,Ava
Emily,Emily
Matthew,Matthew
Daniel,Daniel
Sophia,Sophia
John,John
Olivia,Olivia
David,David
Emma,Emma
Michael,Michael
Ava,Ava
Emily,Emily
Matthew,Matthew
Daniel,Daniel
Sophia,Sophia
John,John
Olivia,Olivia
David,David
Emma,Emma
Michael,Michael
Ava,Ava
Emily,Emily
Matthew,Matthew
Daniel,Daniel
Sophia,Olivia
John,John
Olivia,Olivia
David,David
Emma,Emma
Michael,Michael
Ava,Ava
Emily,Emily
Matthew,Matthew
Daniel,Daniel
Sophia,Sophia
John,John
Olivia,Olivia
David,David
Emma,Emma
Michael,Michael
Ava,Ava
Emily,Emily
Matthew,Matthew
Daniel,Daniel
Sophia,Sophia
John,John
Olivia,Olivia
David,David
Emma,Emma
Michael,Michael
Ava,Ava
Emily,Emily
Matthew,Matthew
Daniel,Daniel
Sophia,Sophia
John,John
Olivia,Olivia
David,David
Emma,Emma
Michael,Michael
Ava,Emma
Emily,Emily
Matthew,Matthew
Daniel,Daniel
Sophia,Sophia
John,John
Olivia,Olivia
David,David
Emma,Emma
Michael,Michael
Ava,Ava
Emily,Emily
Matthew,Matthew
Daniel,Daniel
Sophia,Sophia
John,John
Olivia,Olivia
David,David
Emma,Emma
Michael,Michael
Ava,Ava
Emily,Emily
Matthew,Matthew
Daniel,Daniel
Sophia,Sophia
John,John
Olivia,Olivia
David,David
Emma,Emma
Michael,Michael
Ava,Ava
Emily,Emily
Matthew,Matthew
Daniel,Daniel
Sophia,Sophia
John,John
Olivia,Olivia
David,David
Emma,Emma
Michael,Michael
Ava,Ava
Emily,Emily
Matthew,Matthew
Daniel,Daniel
Sophia,Sophia
John,John
Olivia,Olivia
David,David
Emma,Emma
Michael,Michael
Ava,Ava
Emily,Emily
Matthew,Matthew
Daniel,Daniel
Sophia,Sophia
John,John
Olivia,Olivia
David,David
Emma,Emma
Michael,Michael
Ava,Ava
Emily,Emily
Matthew,Matthew
Daniel,Daniel
Sophia,Sophia
John,John
Olivia,Olivia
David,David
Emma,Emma
Michael,Michael
Ava,Ava
Emily,Emily
Matthew,Matthew
Daniel,Daniel
Sophia,Sophia
John,John
Olivia,Olivia
David,David
Emma,Emma
Michael,Michael
Ava,Ava
Emily,Emily
Matthew,Matthew
Daniel,Daniel
Sophia,Sophia
John,John
Olivia,Olivia
David,David
Emma,Emma
Michael,Michael
Ava,Ava
Emily,Emily
Matthew,Matthew
Daniel,Daniel
Sophia,Sophia
John,John
Olivia,Olivia
David,David
Emma,Emma
Michael,Michael
Ava,Ava
Emily,Emily
Matthew,Matthew
Daniel,Daniel
Sophia,Sophia
John,John
Olivia,Olivia
David,David
Emma,Emma
Michael,Michael
Ava,Ava
Emily,Emily
Matthew,Matthew
Daniel,John
Sophia,Sophia
John,John
Olivia,Olivia
David,David
Emma,Emma
Michael,Michael
Ava,Ava
Emily,Emily
Matthew,Matthew
Daniel,Daniel
Sophia,Sophia
John,John
Olivia,Olivia
David,David
Emma,Emma
Michael,Michael
Ava,Ava
Emily,Emily
Matthew,Matthew
Daniel,Daniel
Sophia,Sophia
John,John
Olivia,Olivia
David,David
Emma,Emma
Michael,Michael
Ava,Ava
Emily,Emily
Matthew,Matthew
Daniel,Daniel
Sophia,Sophia
John,John
Olivia,Olivia
David,David
Emma,Emma
Michael,Michael
Ava,Ava
Emily,Emily
Matthew,Matthew
Daniel,Daniel
Sophia,Sophia
John,John
Olivia,Olivia
David,David
Emma,Emma
Michael,Michael
Ava,Ava
Emily,Emily
Matthew,Matthew
Daniel,Daniel
Sophia,Sophia
John,John
Olivia,Olivia
David,David
Emma,Emma
Michael,Michael
Ava,Ava
Emily,Emily
Matthew,Matthew
Daniel,Daniel
Sophia,Ava
John,John
Olivia,Olivia
David,David
Emma,Emma
Michael,Michael
Ava,Ava
Emily,Emily
Matthew,Matthew
Daniel,Daniel
Sophia,Sophia
John,John
Olivia,Olivia
David,David
Emma,Emma
Michael,Michael
Ava,Ava
Emily,Emily
Matthew,Matthew
Daniel,Daniel
Sophia,Sophia
John,John
Olivia,Olivia
David,David
Emma,Emma
Michael,Michael
Ava,Ava
Emily,Emily
Matthew,Matthew
Daniel,Daniel
Sophia,Sophia
John,John
Olivia,Olivia
David,David
Emma,Emma
Michael,David
Ava,Ava
Emily,Emily
Matthew,Matthew
Daniel,Daniel
Sophia,Sophia
John,John
Olivia,Olivia
David,David
Emma,Emma
Michael,Michael
Ava,Ava
Emily,Emily
Matthew,Matthew
Daniel,Daniel
Sophia,Sophia
John,John
Olivia,Olivia
David,David
Emma,Emma
Michael,Michael
Ava,Ava
Emily,Emily
Matthew,Matthew
Daniel,Daniel
Sophia,Sophia
John,John
Olivia,Olivia
David,David
Emma,Emma
Michael,Michael
Ava,Ava
Emily,Emily
Matthew,Matthew
Daniel,Daniel